name,seq,pdb_id,brightness,em_max,ex_max,states,tags
Crystal structure of red chromoprotein from Olindias formosa,MRGSHHHHHHGMASMTGGQQMGRDLYDDDDKDPSSMALFAKPMNHKTEITGEFNGKCFKVVGHGSAPGGGDFRMHAYCESGTLPVSWCVLSPSIXFSMFTKYPNGITNFFQEAFPEGYTLDRVMTRENGGSVVSHHSYDLGKDGITAKVSVKGEGFDPNGPTMTKGYLKVLPFVCHLYPHGAGVRMTSSVGMVKTDGSLDIFNVDSNYQPVGSRKVSVPKFHFVQHRIILMKDKSDTRDHIVMREIAVAQDPNEAQSAFRIA,7CAO,,,,,"[""chromoprotein"", ""fluorescentprotein""]"
Crystal Structure of Blue Chromoprotein sgBP from Stichodactyla Gigantea,MGSSHHHHHHSSGLVPRGSHMVAIPENVRIKAFMEGAINNHHFKCEAEGEGKPYEGTQLERIRVTEGGPLPFSFDILSPHFQYGSVAITKYLSGIPDYFKQSFPEGFSWERTTMYEDGGYVTAHQDTSLDGNCLVYKIKVIGSNLPANGPVMQNKTRGWEPCTEMRYVRGGVLCGQSLMALKCADGNHLTCQLRTTYRSKKPAKKLQMPAFHFSDHRPEILKVSENGNLMEQYEMSVGRYCESVPSKLGHN,4ZB1,,,,,"[""chromoprotein"", ""fluorescentprotein""]"
"Crystal Structure of the Reversibly photoswitching chromoprotein Dathail, Metastable State",GSAHASVIKPEMKIKLRMEGAVNGHKFVIEGEGIGKPYEGTQTLDLTVEEGAPLPFSYDILTPAFQYGNRAFTKYPEDIPDYFKQAFPEGYSWERSMTYEDQGICIATSDITMEGDCFFYEIRFDGTNFPPNGPVMQKKTLKWKSPTGKMYVEDGVLKGDVEMALLLEGGGHYRCDFKTTYKAKKDVRLPDAHEVDHRIEILSHDKDYNKVRLYEHAEARYSGGGSGGGAS,5EB7,,,,,"[""chromoprotein"", ""fluorescentprotein""]"
"Crystal Structure of the Reversibly photoswitching chromoprotein Dathail, Ground State",GSAHASVIKPEMKIKLRMEGAVNGHKFVIEGEGIGKPYEGTQTLDLTVEEGAPLPFSYDILTPAFQYGNRAFTKYPEDIPDYFKQAFPEGYSWERSMTYEDQGICIATSDITMEGDCFFYEIRFDGTNFPPNGPVMQKKTLKWKSPTGKMYVEDGVLKGDVEMALLLEGGGHYRCDFKTTYKAKKDVRLPDAHEVDHRIEILSHDKDYNKVRLYEHAEARYSGGGSGGGAS,5EB6,,,,,"[""chromoprotein"", ""fluorescentprotein""]"
"fluorescent protein asFP595, wt, off-state",MRGSHHHHHHGSASFLKKTMPFKTTIEGTVNGHYFKCTGKGEGNPFEGTQEMKIEVIEGGPLPFAFHILSTSC,2A50,,,,,"[""chromoprotein"", ""fluorescentprotein""]"
"fluorescent protein asFP595, S158V, on-state",MRGSHHHHHHGSASFLKKTMPFKTTIEGTVNGHYFKCTGKGEGNPFEGTQEMKIEVIEGGPLPFAFHILSTSC,2A52,,,,,"[""chromoprotein"", ""fluorescentprotein""]"
"fluorescent protein asFP595, A143S, on-state, 5min irradiation",MRGSHHHHHHGSASFLKKTMPFKTTIEGTVNGHYFKCTGKGEGNPFEGTQEMKIEVIEGGPLPFAFHILSTSC,2A56,,,,,"[""chromoprotein"", ""fluorescentprotein""]"
"fluorescent protein asFP595, A143S, off-state",MRGSHHHHHHGSASFLKKTMPFKTTIEGTVNGHYFKCTGKGEGNPFEGTQEMKIEVIEGGPLPFAFHILSTSC,2A53,,,,,"[""chromoprotein"", ""fluorescentprotein""]"
"fluorescent protein asFP595, A143S, on-state, 1min irradiation",MRGSHHHHHHGSASFLKKTMPFKTTIEGTVNGHYFKCTGKGEGNPFEGTQEMKIEVIEGGPLPFAFHILSTSC,2A54,,,,,"[""chromoprotein"", ""fluorescentprotein""]"
Crystal structure of the dark state of kindling fluorescent protein kfp from anemonia sulcata,MRGSHHHHHHGSASFLKKTMPFKTTIEGTVNGHYFKCTGKGEGNPFEGTQEMKIEVIEGGPLPFAFHILSTSCX,1XMZ,,,,,"[""chromoprotein"", ""fluorescentprotein""]"
Crystal structure of the chromoprotein gfasPurple,SVIAKQMTYKVYMSGTVNGHYFEVEGDGKGKPYEGEQTVKLTVTKGGPLPFAWDILSPQSQYGSIPFTKYPEDIPDYVKQSFPEGYTWERIMNFEDGAVCTVSNDSSIQGNCFIYHVKFSGLNFPPNGPVMQKKTQGWEPNTERLFARDGMLIGNNFMALKLEGGGHYLCEFKSTYKAKKPVKMPGYHYVDRKLDVTNHNKDYTSVEQCEISIARKSVVA,7SWR,,,,,"[""chromoprotein"", ""fluorescentprotein""]"
Green-fluorescent variant of the non-fluorescent chromoprotein Rtms5,MRGSHHHHHHTDPSSRSKTMSVIATQMTYKVYMSGTVNGHYFEVEGDGKGRPYEGEQTVKLTVTKGGPLPFAWDILSPQCQFGSIPFTKYPEDIPDYVKQSFPEGFTWERIMNFEDGAVCTVSNDSSIQGNCFTYHVKFSGLNFPPNGPVMQKKTQGWEPSSERLFARGGMLIGNNFMALKLEGGGHYLCEFKTTYKAKKPVKMPGYHYVDRKLDVTNHNKDYTSVEQCEISIARKPVVA,3VK1,,,,,"[""chromoprotein"", ""fluorescentprotein""]"
Crystal structure of the chromoprotein spisPINK,MSHSKQALADTMKMTWLMEGSVNGHAFTIEGEGTGKPYEGKQSGTFRVTKGGPLPFAFDIVAPTLXFKCFMKYPADIPDYFKLAFPEGLTYDRKIAFEDGGCATATVEMSLKGNTLVHKTNFQGGNFPIDGPVMQKRTLGWEPTSEKMTPCDGIIKGDTIMYLMVEGGKTLKCRYENNYRANKPVLMPPSHFVDLRLTRTNLDKEGLAFKLEEYAVARVLEV,7SWU,,,,,"[""chromoprotein"", ""fluorescentprotein""]"
Crystal structure of ZsYellow soaked by Cu2+,GSHMAHSKHGLKEEMTMKYHMEGCVNGHKFVITGEGIGYPFKGKQTINLCVIEGGPLPFSEDILSAGF,6LOF,,,,,"[""chromoprotein"", ""fluorescentprotein""]"
Variations on the GFP chromophore scaffold: A fragmented 5-membered heterocycle revealed in the 2.1A crystal structure of a non-fluorescent chromoprotein,MASLLTETMPFKTTIEGTVNGHCFKCIGKGEGNPFEGTQEMKIEVIEGGPLPFAFHILSTSCMYGSKTFIKYVSGIPDYFKQSFPEGFTWERTTTYEDGGFLTAHQDTSLDGDCLVYKVKILGNNFPADGPVMQNKVGRWEPGTEIVYEVDGVLRGQSLMALKCPGGRHLTCHLHTTYRSKKPASALKMPGFHFEDHRIEIMEEVEKGKCYKQYEAAVGRYCDAAPSKLGHN,1XQM,,,,,"[""chromoprotein"", ""fluorescentprotein""]"
Crystal structure of the chromoprotein amilCP,MSVIAKQMTYKVYMSGTVNGHYFEVEGDGKGKPYEGEQTVKLTVTKGGPLPFAWDILSPQCQYGSIPFTKYPEDIPDYVKQSFPEGYTWERIMNFEDGAVCTVSNDSSIQGNCFIYHVKFSGLNFPPNGPVMQKKTQGWEPNTERLFARDGMLLGNNFMALKLEGGGHYLCEFKTTYKAKKPVKMPGYHYVDRKLDVTNHNKDYTSVEQCEISIARKPVVA,7SWS,,,,,"[""chromoprotein"", ""fluorescentprotein""]"
Crystal structure of the chromoprotein eforRED,MSVIKQVMKTKLHLEGTVNGHDFTIEGKGEGKPYEGLQHMKMTVTKGAPLPFSVHILTPSHMYGSKPFNKYPADIPDYHKQSFPEGMSWERSMIFEDGGVCTASNHSSINLQENCFIYDVKFHGVNLPPDGPVMQKTIAGWEPSVETLYVRDGMLKSDTAMVFKLKGGGHHRVDFKTTYKAKKPVKLPEFHFVEHRLELTKHDKDFTTWDQQEAAEGHFSPLPKALP,7SWT,,,,,"[""chromoprotein"", ""fluorescentprotein""]"
"SEQUENTIAL 1H,13C AND 15N NMR ASSIGNMENTS AND SOLUTION CONFORMATION OF APOKEDARCIDIN",ASAAVSVSPATGLADGATVTVSASGFATSTSATALQCAILADGRGACNVAEFHDFSLSGGEGTTSVVVRRSFTGYVMPDGPEVGAVDCDTAPGGCEIVVGGNTGEYGNAAISFG,1AKP,,,,,"[""chromoprotein"", ""fluorescentprotein""]"
Green-fluorescent variant of the non-fluorescent chromoprotein Rtms5,MRGSHHHHHHTDPSSRSKTMSVIATQMTYKVYMSGTVNGHYFEVEGDGKGRPYEGEQTVKLTVTKGGPLPFAWDILSPQCQFGSIPFTKYPEDIPDYVKQSFPEGFTWERIMNFEDGAVCTVSNDSSIQGNCFTYHVKFSGLNFPPNGPVMQKKTQGWEPHSERLFARGGMLIGNNFMALKLEGGGHYLCEFKTTYKAKKPVKMPGYHYVDRKLDVTNHNKDYTSVEQCEISIARKPVVA,3VIC,,,,,"[""chromoprotein"", ""fluorescentprotein""]"
Crystal structure of Coral protein mutant,GGVIATQMTYKVYMSGTVNGHYFEVEGDGKGRPYEGEQTVKLTVTKGGPLPFAWDILSPQCQYGSIPFTKYPEDIPDYVKQSFPEGFTWERIMNFEDGAVCTVSNDSSIQGNCFTYHVKFSGLNFPPNGPVMQKKTQGWEPSSERLFARGGMLIGNNFMALKLEGGGHYLCEFKTTYKAKKPVKMPGYHYVDRKLDVTNHNKDYTSVEQCEISIARKPVVA,1MOV,,,,,"[""chromoprotein"", ""fluorescentprotein""]"
ZsYellow at pH 3.5,GSHMAHSKHGLKEEMTMKYHMEGCVNGHKFVITGEGIGYPFKGKQTINLCVIEGGPLPFSEDILSAGFKYGDRIFTEYPQDIVDYFKNSCPAGYTWGRSFLFEDGAVCICNVDITVSVKENCIYHKSIFNGVNFPADGPVMKKMTTNWEASCEKIMPVPKQGILKGDVSMYLLLKDGGRYRCQFDTVYKAKSVPSKMPEWHFIQHKLLREDRSDAKNQKWQLTEHAIAFPSALA,5Y8R,,,,,"[""chromoprotein"", ""fluorescentprotein""]"
Crystal structure of Coral pigment,GGVIATQMTYKVYMSGTVNGHYFEVEGDGKGRPYEGEQTVKLTVTKGGPLPFAWDILSPQCQYGSIPFTKYPEDIPDYVKQSFPEGFTWERIMNFEDGAVCTVSNDSSIQGNCFTYHVKFSGLNFPPNGPVMQKKTQGWEPHSERLFARGGMLIGNNFMALKLEGGGHYLCEFKTTYKAKKPVKMPGYHYVDRKLDVTNHNKDYTSVEQCEISIARKPVVA,1MOU,,,,,"[""chromoprotein"", ""fluorescentprotein""]"
Crystal structure of amFP486 H199T,MRGSHHHHHHGSALSNKFIGDDMKMTYHMDGCVNGHYFTVKGEGNGKPYEGTQTSTFKVTMANGGPLAFSFDILSTVFKYGNRCFTAYPTSMPDYFKQAFPDGMSYERTFTYEDGGVATASWEISLKGNCFEHKSTFHGVNFPADGPVMAKKTTGWDPSFEKMTVCDGILKGDVTAFLMLQGGGNYRCQFHTSYKTKKPVTMPPNHVVETRIARTDLDKGGNSVQLTEHAVAHITSVVPF,2A47,,,,,"[""chromoprotein"", ""fluorescentprotein""]"
Crystal structure of amFP486 E150Q,MRGSHHHHHHGSALSNKFIGDDMKMTYHMDGCVNGHYFTVKGEGNGKPYEGTQTSTFKVTMANGGPLAFSFDILSTVFKYGNRCFTAYPTSMPDYFKQAFPDGMSYERTFTYEDGGVATASWEISLKGNCFEHKSTFHGVNFPADGPVMAKKTTGWDPSFQKMTVCDGILKGDVTAFLMLQGGGNYRCQFHTSYKTKKPVTMPPNHVVEHRIARTDLDKGGNSVQLTEHAVAHITSVVPF,2A48,,,,,"[""chromoprotein"", ""fluorescentprotein""]"
Crystal Structure of N66D Mutant of Green Fluorescent Protein from Zoanthus sp. at 2.2 A Resolution (Mature State),SKHGLTKEMTMKYRMEGCVDGHKFVITGEGIGYPFKGKQAINLCVVEGGPLPFAEDILSAAFDYGNRVFTEYPQDIVDYFKNSCPAGYTWDRSFLFEDGAVCICNADITVSVEENCMYHESKFYGVNFPADGPVMKKMTDNWEPSCEKIIPVPKQGILKGDVSMYLLLKDGGRLRCQFDTVYKAKSVPRKMPDWHFIQHKLTREDRSDAKNQKWHLTEHAIASGSALP,2PXS,,,,,"[""chromoprotein"", ""fluorescentprotein""]"
Crystal Structure of N66D Mutant of Green Fluorescent Protein from Zoanthus sp. at 2.4 A Resolution (Transition State),SKHGLTKEMTMKYRMEGCVDGHKFVITGEGIGYPFKGKQAINLCVVEGGPLPFAEDILSAAFDYGNRVFTEYPQDIVDYFKNSCPAGYTWDRSFLFEDGAVCICNADITVSVEENCMYHESKFYGVNFPADGPVMKKMTDNWEPSCEKIIPVPKQGILKGDVSMYLLLKDGGRLRCQFDTVYKAKSVPRKMPDWHFIQHKLTREDRSDAKNQKWHLTEHAIASGSALP,2PXW,,,,,"[""chromoprotein"", ""fluorescentprotein""]"
ZsYellow at pH 8.0,GSHMAHSKHGLKEEMTMKYHMEGCVNGHKFVITGEGIGYPFKGKQTINLCVIEGGPLPFSEDILSAGFKYGDRIFTEYPQDIVDYFKNSCPAGYTWGRSFLFEDGAVCICNVDITVSVKENCIYHKSIFNGVNFPADGPVMKKMTTNWEASCEKIMPVPKQGILKGDVSMYLLLKDGGRYRCQFDTVYKAKSVPSKMPEWHFIQHKLLREDRSDAKNQKWQLTEHAIAFPSALA,5Y8Q,,,,,"[""chromoprotein"", ""fluorescentprotein""]"
mTFP* closed conformation: I197C-Y200H-Y204H mutant for enhanced metal binding,SGVIKPDMKIKLKMEGNVNGYAFVIEGEGEGKPYDGTNTINLEVKEGAPLPFSYDILTTAFAYGNRAFTKYPDDIPNYFKQSFPEGYSWERTMTFEDKGIVKVKSDISLEEDSFIYEIYLKGENFPPNGPVMQKKTTGWDASTERMYVRDGVLKGDVKHKLLLEGGGYYRVDFKTIYRAKKAVKLPDYHFVDHRIECLNHDKDHNKVTVYESAVARNSTD,6QSL,,,,,"[""chromoprotein"", ""fluorescentprotein""]"
mTFP* open conformation: I197C-Y200H-Y204H mutant for enhanced metal binding,SGVIKPDMKIKLKMEGNVNGYAFVIEGEGEGKPYDGTNTINLEVKEGAPLPFSYDILTTAFAYGNRAFTKYPDDIPNYFKQSFPEGYSWERTMTFEDKGIVKVKSDISLEEDSFIYEIYLKGENFPPNGPVMQKKTTGWDASTERMYVRDGVLKGDVKHKLLLEGGGYYRVDFKTIYRAKKAVKLPDYHFVDHRIECLNHDKDHNKVTVYESAVARNSTD,6QSM,,,,,"[""chromoprotein"", ""fluorescentprotein""]"
mTFP* closed conformation: I197E-Y200H-Y204H mutant for enhanced metal binding,SGVIKPDMKIKLKMEGNVNGYAFVIEGEGEGKPYDGTNTINLEVKEGAPLPFSYDILTTAFAYGNRAFTKYPDDIPNYFKQSFPEGYSWERTMTFEDKGIVKVKSDISLEEDSFIYEIYLKGENFPPNGPVMQKKTTGWDASTERMYVRDGVLKGDVKHKLLLEGGGYYRVDFKTIYRAKKAVKLPDYHFVDHRIEELNHDKDHNKVTVYESAVARNSTD,6QSO,,,,,"[""chromoprotein"", ""fluorescentprotein""]"
Solution Structure of a Novel Chromoprotein Derived from Apo-Neocarzinostatin and a Synthetic Chromophore,HHHHHHLQGAAPTATVTPSSGLSDGTVVKVAGAGLQAGTAYDVGQCAWVDTGVLACNPADFSSVTADANGSASTSLTVRRSFEGFLFDGTRWGTVDCTTAACQVGLSDAAGNGPEGVAISFN,1J5I,,,,,"[""chromoprotein"", ""fluorescentprotein""]"
"Crystal structures of amFP486, a cyan fluorescent protein from Anemonia majano, and variants",MRGSHHHHHHGSALSNKFIGDDMKMTYHMDGCVNGHYFTVKGEGNGKPYEGTQTSTFKVTMANGGPLAFSFDILSTVFKYGNRCFTAYPTSMPDYFKQAFPDGMSYERTFTYEDGGVATASWEISLKGNCFEHKSTFHGVNFPADGPVMAKKTTGWDPSFEKMTVCDGILKGDVTAFLMLQGGGNYRCQFHTSYKTKKPVTMPPNHVVEHRIARTDLDKGGNSVQLTEHAVAHITSVVPF,2A46,,,,,"[""chromoprotein"", ""fluorescentprotein""]"
Crystal Structure of Green Fluorescent Protein from Zoanthus sp at 2.2 A Resolution,MAQSKHGLTKEMTMKYRMEGCVDGHKFVITGEGIGYPFKGKQAINLCVVEGGPLPFAEDILSAAFNYGNRVFTEYPQDIVDYFKNSCPAGYTWDRSFLFEDGAVCICNADITVSVEENCMYHESKFYGVNFPADGPVMKKMTDNWEPSCEKIIPVPKQGILKGDVSMYLLLKDGGRLRCQFDTVYKAKSVPRKMPDWHFIQHKLTREDRSDAKNQKWHLTEHAIASGSALP,2OJK,,,,,"[""chromoprotein"", ""fluorescentprotein""]"
Crystal structure of a monomeric cyan fluorescent protein in the fluorescent state,GVIKPDMKIKLKMEGNVNGHAFVIEGEGEGKPYDGTNTINLEVKEGAPLPFSYDILTNAFAYGNRAFTKYPDDIPNYFKQSFPEGYSWERTMTFEDKGIVKVKSDISMEEDSFIYEIHLKGENFPPNGPVMQKKTLKWEPSTEILYVRDGVLVGDIKHKLLLEGGGHHRVDFKTIYRAKKAVKLPDYHFVDHRIEILNHDKDYNKVTVYESAVARY,2OTB,,,,,"[""chromoprotein"", ""fluorescentprotein""]"
Crystal Structure of a computational designed engrailed homeodomain variant fused with YFP,MTEFSEEQKKALDLAFYFDRRLTEEWRRYLSQRLGLNEEQIERWFRRKEQQIMVSKGEELFTGVVPILVELDGDVNGHKFSVSGEGEGDATYGKLTLKLICTTGKLPVPWPTLVTTLGYGLQCFARYPDHMKQHDFFKSAMPEGYVQERTIFFKDDGNYKTRAEVKFEGDTLVNRIELKGIDFKEDGNILGHKLEYNYNSHNVYITADKQKNGIKANFKIRHNIEDGGVQLADHYQQNTPIGDGPVLLPDNHYLSYQSKLSKDPNEKRDHMVLLEFVTAAGITLGMDELYKGGHHHHHH,4NDJ,,,,,"[""chromoprotein"", ""fluorescentprotein""]"
mTFP* PdCl2 soak,SGVIKPDMKIKLKMEGNVNGYAFVIEGEGEGKPYDGTNTINLEVKEGAPLPFSYDILTTAFAYGNRAFTKYPDDIPNYFKQSFPEGYSWERTMTFEDKGIVKVKSDISLEEDSFIYEIYLKGENFPPNGPVMQKKTTGWDASTERMYVRDGVLKGDVKHKLLLEGGGYYRVDFKTIYRAKKAVKLPDYHFVDHRIEILNYDKDYNKVTVYESAVARNSTD,4Q9X,,,,,"[""chromoprotein"", ""fluorescentprotein""]"
Modified mTFP* for enhanced metal binding: co-crystallization with CuCl2,SGVIKPDMKIKLKMEGNVNGYAFVIEGEGEGKPYDGTNTINLEVKEGAPLPFSYDILTTAFAYGNRAFTKYPDDIPNYFKQSFPEGYSWERTMTFEDKGIVKVKSDISLEEDSFIYEIYLKGENFPPNGPVMQKKTTGWDASTERMYVRDGVLKGDVKHKLLLEGGGYYRVDFKTIYRAKKAVKLPDYHFVDHRIECLNHDKDHNKVTVYESAVARN,4R6D,,,,,"[""chromoprotein"", ""fluorescentprotein""]"
Crystal structure of a monomeric cyan fluorescent protein derived from Clavularia,GVIKPDMKIKLKMEGNVNGHAFVIEGEGEGKPYDGTNTINLEVKEGAPLPFSYDILTTAFAYGNRAFTKYPDDIPNYFKQSFPEGYSWERTMTFEDKGIVKVKSDISMEEDSFIYEIHLKGENFPPNGPVMQKKTTGWDASTERMYVRDGVLKGDVKHKLLLEGGGHHRVDFKTIYRAKKAVKLPDYHFVDHRIEILNHDKDYNKVTVYESAVARNSTDGM,2HQK,,,,,"[""chromoprotein"", ""fluorescentprotein""]"
Crystal structure of a monomeric cyan fluorescent protein in the photobleached state,GVIKPDMKIKLKMEGNVNGHAFVIEGEGEGKPYDGTNTINLEVKEGAPLPFSYDILTNAFAYGNRAFTKYPDDIPNYFKQSFPEGYSWERTMTFEDKGIVKVKSDISMEEDSFIYEIHLKGENFPPNGPVMQKKTLKWEPSTEILYVRDGVLVGDIKHKLLLEGGGHHRVDFKTIYRAKKAVKLPDYHFVDHRIEILNHDKDYNKVTVYESAVARY,2OTE,,,,,"[""chromoprotein"", ""fluorescentprotein""]"
Crystal structure of a computational designed engrailed homeodomain variant fused with YFP,MTEWSEEQKKALDLAFYFDRRLTPEWRRYLSQRLGLNEEQIERWFRRKEQQIMVSKGEELFTGVVPILVELDGDVNGHKFSVSGEGEGDATYGKLTLKLICTTGKLPVPFPTLVTTLGYGLQCFARYPDHMKQHDFFKSAMPEGYVQERTIFFKDDGNYKTRAEVKFEGDTLVNRIELKGIDFKEDGNILGHKLEYNYNSHNVYITADKQKNGIKANFKIRHNIEDGGVQLADHYQQNTPIGDGPVLLPDNHYLSYQSKLSKDPNEKRDHMVLLEFVTAAGITLGMDELYKGGHHHHHH,4NDK,,,,,"[""chromoprotein"", ""fluorescentprotein""]"
mTFP*: a robust and versatile host protein at 1.00 A resolution,SGVIKPDMKIKLKMEGNVNGYAFVIEGEGEGKPYDGTNTINLEVKEGAPLPFSYDILTTAFAYGNRAFTKYPDDIPNYFKQSFPEGYSWERTMTFEDKGIVKVKSDISLEEDSFIYEIYLKGENFPPNGPVMQKKTTGWDASTERMYVRDGVLKGDVKHKLLLEGGGYYRVDFKTIYRAKKAVKLPDYHFVDHRIEILNYDKDYNKVTVYESAVARNSTD,4Q9W,,,,,"[""chromoprotein"", ""fluorescentprotein""]"
Structural characterization of a blue chromoprotein and its yellow mutant from the sea anemone cnidopus japonicus,GSHMASKISDNVRIKLYMEGTVNNHHFMCEAEGEGKPYEGTQMENIKVTKGGPLPFSFDILTPNCQYGSVAITKYTSGIPDYFKQSFPEGFTWERTTIYEDGAYLTTQQETKLDGNCLVYNIKILGCNFPPNGPVMQKKTQGWEPCCEMRYTRDGVLCGQTLMALKCADGNHLTCHLRTTYRSKKAAKALQMPPFHFSDHRPEIVKVSENGTLFEQHESSVARYCQTCPSKLGHN,2IB5,,,,,"[""chromoprotein"", ""fluorescentprotein""]"
Structural characterization of a blue chromoprotein and its yellow mutant from the sea anemone cnidopus japonicus,GSHMASKISDNVRIKLYMEGTVNNHHFMCEAEGEGKPYEGTQMENIKVTKGGPLPFSFDILTPNCQLGSVAITKYTSGIPDYFKQSFPEGFTWERTTIYEDGAYLTTQQETKLDGNCLVYNIKILGCNFPPNGPVMQKKTQGWEPCCEMRYTRDGVLCGQTLMALKCADGNHLTCHLRTTYRSKKAAKALQMPPFHFSDHRPEIVKVSENGTLFEQHESSVARYCQTCPSKLGHN,2IB6,,,,,"[""chromoprotein"", ""fluorescentprotein""]"
High pH structure of Rtms5 H146S variant,MSVIATQMTYKVYMSGTVNGHYFEVEGDGKGKPYEGEQTVKLTVTKGGPLPFAWDILSPQCQYGSIPFTKYPEDIPDYVKQSFPEGFTWERIMNFEDGAVCTVSNDSSIQGNCFTYHVKFSGLNFPPNGPVMQKKTQGWEPSSERLFARGGMLIGNNFMALKLEGGGHYLCEFKTTYKAKKPVKMPGYHYVDRKLDVTNHNKDYTSVEQCEISIARKPVVA,2P4M,,,,,"[""chromoprotein"", ""fluorescentprotein""]"
The 2.1A Crystal Structure of the Far-red Fluorescent Protein HcRed: Inherent Conformational Flexibility of the Chromophore,MAGLLKESMRIKMYMEGTVNGHYFKCEGEGDGNPFAGTQSMRIHVTEGAPLPFAFDILAPCCEYGSRTFVHHTAEIPDFFKQSFPEGFTWERTTTYEDGGILTAHQDTSLEGNCLIYKVKVHGTNFPADGPVMKNKSGGWEPSTEVVYPENGVLCGRNVMALKVGDRHLICHHYTSYRSKKAVRALTMPGFHFTDIRLQMLRKKKDEYFELYEASVARYSDLPEKAN,1YZW,,,,,"[""chromoprotein"", ""fluorescentprotein""]"
Photoconverted HcRed in its optoacoustic state,MRGSHHHHHHGSSGLLKESMRIKMYMEGTVNGHYFKCEGEGDGNPFAGTQSMRIHVTEGAPLPFAFDILAPCCEYGSRTFVHHTAEIPDFFKQSFPEGFTWERTTTYEDGGILTAHQDTSLEGNCLIYKVKVLGTNFPADGPVMKNKSGGWEPSTEVVYPENGVLCGRNVMALKVGDRRLICHHYTSYRSKKAVRALTMPGFHFTDIRLQMLRKEKDEYFELYEASVARYSDLPEKAN,6Y1G,,,,,"[""chromoprotein"", ""fluorescentprotein""]"
The 2.0 angstroms crystal structure of a pocilloporin at pH 3.5: the structural basis for the linkage between color transition and halide binding,GSVIATQMTYKVYMSGTVNGHYFEVEGDGKGKPYEGEQTVKLTVTKGGPLPFAWDILSPQCQYGSIPFTKYPEDIPDYVKQSFPEGFTWERIMNFEDGAVCTVSNDSSIQGNCFTYHVKFSGLNFPPNGPVMQKKTQGWEPSSERLFARGGMLIGNNFMALKLEGGGHYLCEFKTTYKAKKPVKMPGYHYVDRKLDVTNHNKDYTSVEQCEISIARKPVVA,2ARL,,,,,"[""chromoprotein"", ""fluorescentprotein""]"
"Crystal Structure and Raman Studies of dsFP483, a Cyan Fluorescent Protein from Discosoma striata",MRGSHHHHHHGMSCSKSVIKEEMLIDLHLEGTFNGHYFEIKGKGKGQPNEGTNTVTLEVTKGGPLPFGWHILCPQFQYGNKAFVHHPDNIHDYLKLSFPEGYTWERSMHFEDGGLCCITNDISLTGNCFYYDIKFTGLNFPPNGPVVQKKTTGWEPSTERLYPRDGVLIGDIHHALTVEGGGHYACDIKTVYRAKKAALKMPGYHYVDTKLVIWNNDKEFMKVEEHEIAVARHHPFYEPKKDK,3CGL,,,,,"[""chromoprotein"", ""fluorescentprotein""]"
"The structure of HcRed7, a brighter and red-shifted HcRed variant",MHHHHHHGSGMAGLLKESMRIKMYMEGTVNGHYFKCEGEGDGNPFAGTQSMRIHVTEGAPLPFAFDILAPCCEYGSKTFVHHTAEIPDFFKQSFPEGFTWERTTTYEDGGILTAHQDTSLEGNCLIYKVKVHGTNFPADGPVMKNKSGGWEPSTEVVYPENGVLCGRNVMALKVGDRHLICHHYTSYRSKKAVRALTMPGFHFTDYRLQMLRKKKDEYFELYEASVARYSDLPEKAN,6DEJ,,,,,"[""chromoprotein"", ""fluorescentprotein""]"
mTFP1/DARPin 1238_E11 complex in space group P6522,MGSSHHHHHHSQDPMVSKGEETTMGVIKPDMKIKLKMEGNVNGHAFVIEGEGEGKPYDGTNTINLEVKEGAPLPFSYDILTTAFAYGNRAFTKYPDDIPNYFKQSFPEGYSWERTMTFEDKGIVKVKSDISMEEDSFIYEIHLKGENFPPNGPVMQKKTTGWDASTERMYVRDGVLKGDVKHKLLLEGGGHHRVDFKTIYRAKKAVKLPDYHFVDHRIEILNHDKDYNKVTVYESAVARNSTDGMDELYK,6FP7,,,,,"[""chromoprotein"", ""fluorescentprotein""]"
mTFP1/DARPin 1238_E11 complex in space group C2,MGSSHHHHHHSQDPMVSKGEETTMGVIKPDMKIKLKMEGNVNGHAFVIEGEGEGKPYDGTNTINLEVKEGAPLPFSYDILTTAFAYGNRAFTKYPDDIPNYFKQSFPEGYSWERTMTFEDKGIVKVKSDISMEEDSFIYEIHLKGENFPPNGPVMQKKTTGWDASTERMYVRDGVLKGDVKHKLLLEGGGHHRVDFKTIYRAKKAVKLPDYHFVDHRIEILNHDKDYNKVTVYESAVARNSTDGMDELYK,6FP8,,,,,"[""chromoprotein"", ""fluorescentprotein""]"
Solution Structure of Apo-Neocarzinostatin,HHHHHHLQGAAPTATVTPSSGLSDGTVVKVAGAGLQAGTAYDVGQCAWVDTGVLACNPADFSSVTADANGSASTSLTVRRSFEGFLFDGTRWGTVDCTTAACQVGLSDAAGNGPEGVAISFN,1J5H,,,,,"[""chromoprotein"", ""fluorescentprotein""]"
Crystal structure of the purple chromoprotein of Stichodactyla haddoni with a Glu-Tyr-Gly tri-peptide chromophore,MHHHHHHGLLKESMRIKMDMEGTVNGHYFKCEGEGDGNPFTGTQSMRIHVTEGAPLPFAFDILAPCCXSRTFIHHTAGIPDFFKQSFPEGFTWERTTTYEDGGILTAHQDTSLEGNCLIYKVKVLGTNFPADGPVMKNKSEGWEPCTEVVYPDNGVLCGRNVMALKVGDRRLICHLYSSYKSKKAIRALTMPGFHFTDIRLQMPRKKKDEYFELYEASVARYSDLPEK,6JC6,,,,,"[""chromoprotein"", ""fluorescentprotein""]"
Crystal structure of the blue fluorescent protein with a Leu-Leu-Gly tri-peptide chromophore derived from the purple chromoprotein of Stichodactyla haddoni,MHHHHHHGLLKESMRIKMDMEGTVNGHYFKCEGEGDGNPFTGTQSMRIHVTEGAPLPFAFDILAPCCXSRTFIHHTAGIPDFFKQSFPEGFTWERTTTYEDGGILTAHQDTSLEGNCLIYKVKVLGTNFPADGPVMKNKSEGWEPCTEVVYPDNGVLCGRNVMALKVGDRRLICHLYSSYKSKKAIRALTMPGFHFTDIRLQMPRKKKDEYFELYEASVARYSDLPEK,6JC5,,,,,"[""chromoprotein"", ""fluorescentprotein""]"
"Photoswitchable red fluorescent protein psRFP, on-state",MASLLTETMPFRMTMEGTVNGHHFKCTGKGEGNPFEGTQDMKIEVIEGGPLPFAFDILSTSC,3CFF,,,,,"[""chromoprotein"", ""fluorescentprotein""]"
"Photoswitchable red fluorescent protein psRFP, off-state",MASLLTETMPFRMTMEGTVNGHHFKCTGKGEGNPFEGTQDMKIEVIEGGPLPFAFDILSTSC,3CFH,,,,,"[""chromoprotein"", ""fluorescentprotein""]"
Anemonia sulcata red fluorescent protein asRFP,MASLLTETMPFRMTMEGTVNGHHFKCTGKGEGNPFEGTQDMKIEVIEGGPLPFAFDILSTSC,3CFA,,,,,"[""chromoprotein"", ""fluorescentprotein""]"
Cryo-EM structure of GPI-T with a chimeric GPI-anchored protein,MAAAAATKILLCLPLLLLLSGWSRAGGSGGSASVIKPEMKIKLRMEGAVNGHKFVIEGEGIGKPYEGTQTLDLTVEEGAPLPFSYDILTPAFQYGNRAFTKYPEDIPDYFKQAFPEGYSWERSMTYEDQGICIATSDITMEGDCFFYEIRFDGTNFPPNGPVMQKKTLKWEPSTEKMYVEDGVLKGDVEMALLLEGGGHYRCDFKTTYKAKKDVRLPDAHEVDHRIEILSHDKDYNKVRLYEHAEARYSGGGSGGGSAWSHPQFEKGGGSGGGSGGSAWSHPQFEKGSSAGAPLAMSSGTTQLRATATTLILCCLLIILPCFILPGI,8IMX,,,,,"[""chromoprotein"", ""fluorescentprotein""]"
"Ensemble refinement of the Crystal Structure of the Reversibly photoswitching chromoprotein Dathail, Ground State",GSAHASVIKPEMKIKLRMEGAVNGHKFVIEGEGIGKPYEGTQTLDLTVEEGAPLPFSYDILTPAFQYGNRAFTKYPEDIPDYFKQAFPEGYSWERSMTYEDQGICIATSDITMEGDCFFYEIRFDGTNFPPNGPVMQKKTLKWKSPTGKMYVEDGVLKGDVEMALLLEGGGHYRCDFKTTYKAKKDVRLPDAHEVDHRIEILSHDKDYNKVRLYEHAEARYSGGGSGGGAS,5EJU,,,,,"[""chromoprotein"", ""fluorescentprotein""]"
SOLUTION STRUCTURES OF C-1027 APOPROTEIN AND ITS COMPLEX WITH THE AROMATIZED CHROMOPHORE,APAFSVSPASGLSDGQSVSVSVSGAAAGETYYIAQCAPVGGQDACNPATATSFTTDASGAASFSFVVRKSYTGSTPEGTPVGSVDCATAACNLGAGNSGLDLGHVALTFG,1HZK,,,,,"[""chromoprotein"", ""fluorescentprotein""]"
Crystal Structure Analysis of FP611,MRGSHHHHHHGIHMNSLIKENMRMMVVMEGSVNGYQFKCTGEGDGNPYMGTQTMRIKVVEGGPLPFAFDILATSFMYGSKTFIKHTKGIPDFFKQSFPEGFTWERVTRYEDGGVFTVMQDTSLEDGCLVYHAKVTGTNFPSNGAVMQKKTKGWEPNTEMLYPADGGLRGYSQMALNVDGGGYLSCSFETTYRSKKTVENFKMPGFHFVDHRLERLEESDKEMFVVQHEHAVAKFCDLPSKLGRL,3E5T,,,,,"[""chromoprotein"", ""fluorescentprotein""]"
"Crystal Structure Analysis of eqFP611 Double Mutant T122R, N143S",MRGSHHHHHHGIHMNSLIKENMRMMVVMEGSVNGYQFKCTGEGDGNPYMGTQTMRIKVVEGGPLPFAFDILATSFMYGSKTFIKHTKGIPDFFKQSFPEGFTWERVTRYEDGGVFTVMQDTSLEDGCLVYHAKVRGVNFPSNGAVMQKKTKGWEPSTEMLYPADGGLRGYSQMALNVDGGGYLSCSFETTYRSKKTVENFKMPGFHFVDHRLERLEESDKEMFVVQHEHAVAKFCDLPSKLGRL,3E5V,,,,,"[""chromoprotein"", ""fluorescentprotein""]"
S148F mutant of blue-to-red fluorescent timer mRubyFT,GHMRSMVSKGEELIKENMRMKVVMEGSVNGHQFKCTGEGEGNPYMGTQTMRIKVIEGGPLPFAFDILATSFLYGSRTFIKYPKGIPDFFKQSFPEGFTWERVTRYEDGGVVTVMQDTSLEDGCLVYHVQVRGVDFPSNGPVMQKKTKGWEPFTEMMYPADGGLRGYTHMALKVDGGGHLSCSFVTTYRSKKTVGNIKMPGIHAVDHRLERLEESDNEMFVVLREHSVAKFAGRGGMDELYK,8AAB,,,,,"[""chromoprotein"", ""fluorescentprotein""]"
"mRubyFT/S148I, a mutant of blue-to-red fluorescent timer in its blue state",GHMRSMVSKGEELIKENMRMKVVMEGSVNGHQFKCTGEGEGNPYMGTQTMRIKVIEGGPLPFAFDILATSFLYGSRTFIKYPKGIPDFFKQSFPEGFTWERVTRYEDGGVVTVMQDTSLEDGCLVYHVQVRGVDFPSNGPVMQKKTKGWEPITEMMYPADGGLRGYTHMALKVDGGGHLSCSFVTTYRSKKTVGNIKMPGIHAVDHRLERLEESDNEMFVVLREHSVAKFAGRGGMDELYK,7Q6B,,,,,"[""chromoprotein"", ""fluorescentprotein""]"
"Cryo-EM structure of GPI-T (inactive mutant) with GPI and proULBP2, a proprotein substrate",MGSGLLSDPVRRRALARLVLRLNAPLCVLSYVAGIAWFLALVFPPLTQRTYMSENAMGSTMVEEQFAGGDRARAFARDFAAHRKKSGALPVAWLERTMRSVGLEVYTQSFSRKLPFPDETHERYMVSGTNVYGILRAPRAASTESLVLTVPCGSDSTNSQAVGLLLALAAHFRGQIYWAKDIVFLVTEHDLLGTEAWLEAYHDVNVTGMQSSPLQGRAGAIQAAVALELSSDVVTSLDVAVEGLNGQLPNLDLLNLFQTFCQKGGLLCTLQGKLQPEDWTSLDGPLQGLQTLLLMVLRQASGRPHGSHGLFLRYRVEALTLRGINSFRQYKYDLVAVGKALEGMFRKLNHLLERLHQSFFLYLLPGLSRFVSIGLYMPAVGFLLLVLGLKALELWMQLHEAGMGLEEPGGAPGPSVPLPPSQGVGLASLVAPLLISQAMGLALYVLPVLGQHVATQHFPVAEAEAVVLTLLAIYAAGLALPHNTHRVVSTQAPDRGWMALKLVALIYLALQLGCIALTNFSLGFLLATTMVPTAALAKPHGPRTLYAALLVLTSPAATLLGSLFLWRELQEAPLSLAEGWQLFLAALAQGVLEHHTYGALLFPLLSLGLYPCWLLFWNVLFWKGTLEVLFQGPGGSGGSASVIKPEMKIKLRMEGAVNGHKFVIEGEGIGKPYEGTQTLDLTVEEGAPLPFSYDILTPAFQYGNRAFTKYPEDIPDYFKQAFPEGYSWERSMTYEDQGICIATSDITMEGDCFFYEIRFDGTNFPPNGPVMQKKTLKWEPSTEKMYVEDGVLKGDVEMALLLEGGGHYRCDFKTTYKAKKDVRLPDAHEVDHRIEILSHDKDYNKVRLYEHAEARYSGGGSGGGGSGGGGDYKDDDDADYKDDDDA,8IMY,,,,,"[""chromoprotein"", ""fluorescentprotein""]"
SOLUTION STRUCTURES OF C-1027 APOPROTEIN AND ITS COMPLEX WITH THE AROMATIZED CHROMOPHORE,APAFSVSPASGLSDGQSVSVSVSGAAAGETYYIAQCAPVGGQDACNPATATSFTTDASGAASFSFVVRKSYTGSTPEGTPVGSVDCATAACNLGAGNSGLDLGHVALTFG,1HZL,,,,,"[""chromoprotein"", ""fluorescentprotein""]"
Crystal structure of yellow fluorescent protein zFP538 K66M green mutant,MAHSKHGLKEEMTMKYHMEGCVNGHKFVITGEGIGYPFKGKQTINLCVIEGGPLPFSEDILSAGFMYGDRIFTEYPQDIVDYFKNSCPAGYTWGRSFLFEDGAVCICNVDITVSVKENCIYHKSIFNGMNFPADGPVMKKMTTNWEASCEKIMPVPKQGILKGDVSMYLLLKDGGRYRCQFDTVYKAKSVPSKMPEWHFIQHKLLREDRSDAKNQKWQLTEHAIAFPSALA,1XA9,,,,,"[""chromoprotein"", ""fluorescentprotein""]"
Solution Structure of Neocarzinostatin Apo-Protein,HHHHHHLQGAAPTATVTPSSGLSDGTVVKVAGAGLQAGTAYDVGQCAWVDTGVLACNPADFSSVTADANGSASTSLTVRRSFEGFLFDGTRWGTVDCTTAACQVGLSDAAGNGPEGVAISFN,2G0K,,,,,"[""chromoprotein"", ""fluorescentprotein""]"
"Crystal structure of the engineered fluorescent protein mRuby, crystal form 1, pH 8.5",DRWGSMNSLIKENMRMKVVLEGSVNGHQFKCTGEGEGNPYMGTQTMRIKVIEGGPLPFAFDILATSFMYGSRTFIKYPKGIPDFFKQSFPEGFTWERVTRYEDGGVITVMQDTSLEDGCLVYHAQVRGVNFPSNGAVMQKKTKGWEPNTEMMYPADGGLRGYTHMALKVDGGGHLSCSFVTTYRSKKTVGNIKMPGIHAVSHRLERLEESDNEMFVVQREHAVAKFAGLGGG,3U0M,,,,,"[""chromoprotein"", ""fluorescentprotein""]"
"Crystal structure of Phanta, a weakly fluorescent photochromic GFP-like protein. ON state",MSVIKPEMKIKLRMEGAVNGHKFVIEGEGIGKPYEGTQTLDLTVKEGAPLPFSYDILTPAFMYGNRAFVKYPKDIPDYFKQAFPEGYSWERSMTYEDQGICIATSDITMEGDCFFYKIRFDGTNFPPNGPVMQKKTLKWEPSTEKMYVRDGVLKGDVNMALLLEGGGHYRCDFKTTYKAKKDVRLPDAHEVDQRIEILSHDKDYNKVRLYEHAEARYSMLPSQAKASGKPIPNPLLGLDSTHHHHHH,4PPJ,,,,,"[""chromoprotein"", ""fluorescentprotein""]"
Crystal structure of eCGP123 H193Q variant at pH 7.5,MSVIKPEMKIKLRMEGAVNGHKFVIEGEGIGKPYEGTQTLDLTVKEGAPLPFSYDILTPAFQYGNRAFTKYPKDIPDYFKQAFPEGYSWERSMTYEDQGICIATSDITMEGDCFFYKIRFDGTNFPPNGPVMQKKTLKWEPSTEKMYVRDGVLKGDVNMALLLEGGGHYRCDFKTTYKAKKDVRLPDAHEVDQRIEILSHDKDYNKVRLYEHAEARYSMLPSQAKASGKPIPNPLLGLDSTHHHHHH,4PPL,,,,,"[""chromoprotein"", ""fluorescentprotein""]"
"The mRubyFT protein, Genetically Encoded Blue-to-Red Fluorescent Timer in its red state",GHMRSMVSKGEELIKENMRMKVVMEGSVNGHQFKCTGEGEGNPYMGTQTMRIKVIEGGPLPFAFDILATSFLYGSRTFIKYPKGIPDFFKQSFPEGFTWERVTRYEDGGVVTVMQDTSLEDGCLVYHVQVRGVDFPSNGPVMQKKTKGWEPSTEMMYPADGGLRGYTHMALKVDGGGHLSCSFVTTYRSKKTVGNIKMPGIHAVDHRLERLEESDNEMFVVLREHSVAKFAGRGGMDELYK,7QGK,,,,,"[""chromoprotein"", ""fluorescentprotein""]"
Crystal structure of wild type yellow fluorescent protein zFP538 from Zoanthus,MAHSKHGLKEEMTMKYHMEGCVNGHKFVITGEGIGYPFKGKQTINLCVIEGGPLPFSEDILSAGFKYGDRIFTEYPQDIVDYFKNSCPAGYTWGRSFLFEDGAVCICNVDITVSVKENCIYHKSIFNGMNFPADGPVMKKMTTNWEASCEKIMPVPKQGILKGDVSMYLLLKDGGRYRCQFDTVYKAKSVPSKMPEWHFIQHKLLREDRSDAKNQKWQLTEHAIAFPSALA,1XAE,,,,,"[""chromoprotein"", ""fluorescentprotein""]"
Solution Structure of Neocarzinostatin Apo-Protein with bound Flavone,HHHHHHLQGAAPTATVTPSSGLSDGTVVKVAGAGLQAGTAYDVGQCAWVDTGVLACNPADFSSVTADANGSASTSLTVRRSFEGFLFDGTRWGTVDCTTAACQVGLSDAAGNGPEGVAISFN,2G0L,,,,,"[""chromoprotein"", ""fluorescentprotein""]"
"Crystal structure of the engineered fluorescent protein mRuby, crystal form 1, pH 4.5",DRWGSMNSLIKENMRMKVVLEGSVNGHQFKCTGEGEGNPYMGTQTMRIKVIEGGPLPFAFDILATSFMYGSRTFIKYPKGIPDFFKQSFPEGFTWERVTRYEDGGVITVMQDTSLEDGCLVYHAQVRGVNFPSNGAVMQKKTKGWEPNTEMMYPADGGLRGYTHMALKVDGGGHLSCSFVTTYRSKKTVGNIKMPGIHAVSHRLERLEESDNEMFVVQREHAVAKFAGLGGG,3U0L,,,,,"[""chromoprotein"", ""fluorescentprotein""]"
mTFP1/DARPin 1238_E11 complex in space group C2,MGSSHHHHHHSQDPMVSKGEETTMGVIKPDMKIKLKMEGNVNGHAFVIEGEGEGKPYDGTNTINLEVKEGAPLPFSYDILTTAFAYGNRAFTKYPDDIPNYFKQSFPEGYSWERTMTFEDKGIVKVKSDISMEEDSFIYEIHLKGENFPPNGPVMQKKTTGWDASTERMYVRDGVLKGDVKHKLLLEGGGHHRVDFKTIYRAKKAVKLPDYHFVDHRIEILNHDKDYNKVTVYESAVARNSTDGMDELYK,6FP8,,,,,"[""chromoprotein"", ""fluorescentprotein""]"
Solution Structure of Apo-Neocarzinostatin,HHHHHHLQGAAPTATVTPSSGLSDGTVVKVAGAGLQAGTAYDVGQCAWVDTGVLACNPADFSSVTADANGSASTSLTVRRSFEGFLFDGTRWGTVDCTTAACQVGLSDAAGNGPEGVAISFN,1J5H,,,,,"[""chromoprotein"", ""fluorescentprotein""]"
Crystal structure of the purple chromoprotein of Stichodactyla haddoni with a Glu-Tyr-Gly tri-peptide chromophore,MHHHHHHGLLKESMRIKMDMEGTVNGHYFKCEGEGDGNPFTGTQSMRIHVTEGAPLPFAFDILAPCCXSRTFIHHTAGIPDFFKQSFPEGFTWERTTTYEDGGILTAHQDTSLEGNCLIYKVKVLGTNFPADGPVMKNKSEGWEPCTEVVYPDNGVLCGRNVMALKVGDRRLICHLYSSYKSKKAIRALTMPGFHFTDIRLQMPRKKKDEYFELYEASVARYSDLPEK,6JC6,,,,,"[""chromoprotein"", ""fluorescentprotein""]"
Crystal structure of the blue fluorescent protein with a Leu-Leu-Gly tri-peptide chromophore derived from the purple chromoprotein of Stichodactyla haddoni,MHHHHHHGLLKESMRIKMDMEGTVNGHYFKCEGEGDGNPFTGTQSMRIHVTEGAPLPFAFDILAPCCXSRTFIHHTAGIPDFFKQSFPEGFTWERTTTYEDGGILTAHQDTSLEGNCLIYKVKVLGTNFPADGPVMKNKSEGWEPCTEVVYPDNGVLCGRNVMALKVGDRRLICHLYSSYKSKKAIRALTMPGFHFTDIRLQMPRKKKDEYFELYEASVARYSDLPEK,6JC5,,,,,"[""chromoprotein"", ""fluorescentprotein""]"
"Photoswitchable red fluorescent protein psRFP, on-state",MASLLTETMPFRMTMEGTVNGHHFKCTGKGEGNPFEGTQDMKIEVIEGGPLPFAFDILSTSC,3CFF,,,,,"[""chromoprotein"", ""fluorescentprotein""]"
"Photoswitchable red fluorescent protein psRFP, off-state",MASLLTETMPFRMTMEGTVNGHHFKCTGKGEGNPFEGTQDMKIEVIEGGPLPFAFDILSTSC,3CFH,,,,,"[""chromoprotein"", ""fluorescentprotein""]"
Anemonia sulcata red fluorescent protein asRFP,MASLLTETMPFRMTMEGTVNGHHFKCTGKGEGNPFEGTQDMKIEVIEGGPLPFAFDILSTSC,3CFA,,,,,"[""chromoprotein"", ""fluorescentprotein""]"
Cryo-EM structure of GPI-T with a chimeric GPI-anchored protein,MAAAAATKILLCLPLLLLLSGWSRAGGSGGSASVIKPEMKIKLRMEGAVNGHKFVIEGEGIGKPYEGTQTLDLTVEEGAPLPFSYDILTPAFQYGNRAFTKYPEDIPDYFKQAFPEGYSWERSMTYEDQGICIATSDITMEGDCFFYEIRFDGTNFPPNGPVMQKKTLKWEPSTEKMYVEDGVLKGDVEMALLLEGGGHYRCDFKTTYKAKKDVRLPDAHEVDHRIEILSHDKDYNKVRLYEHAEARYSGGGSGGGSAWSHPQFEKGGGSGGGSGGSAWSHPQFEKGSSAGAPLAMSSGTTQLRATATTLILCCLLIILPCFILPGI,8IMX,,,,,"[""chromoprotein"", ""fluorescentprotein""]"
"Ensemble refinement of the Crystal Structure of the Reversibly photoswitching chromoprotein Dathail, Ground State",GSAHASVIKPEMKIKLRMEGAVNGHKFVIEGEGIGKPYEGTQTLDLTVEEGAPLPFSYDILTPAFQYGNRAFTKYPEDIPDYFKQAFPEGYSWERSMTYEDQGICIATSDITMEGDCFFYEIRFDGTNFPPNGPVMQKKTLKWKSPTGKMYVEDGVLKGDVEMALLLEGGGHYRCDFKTTYKAKKDVRLPDAHEVDHRIEILSHDKDYNKVRLYEHAEARYSGGGSGGGAS,5EJU,,,,,"[""chromoprotein"", ""fluorescentprotein""]"
SOLUTION STRUCTURES OF C-1027 APOPROTEIN AND ITS COMPLEX WITH THE AROMATIZED CHROMOPHORE,APAFSVSPASGLSDGQSVSVSVSGAAAGETYYIAQCAPVGGQDACNPATATSFTTDASGAASFSFVVRKSYTGSTPEGTPVGSVDCATAACNLGAGNSGLDLGHVALTFG,1HZK,,,,,"[""chromoprotein"", ""fluorescentprotein""]"
Crystal Structure Analysis of FP611,MRGSHHHHHHGIHMNSLIKENMRMMVVMEGSVNGYQFKCTGEGDGNPYMGTQTMRIKVVEGGPLPFAFDILATSFMYGSKTFIKHTKGIPDFFKQSFPEGFTWERVTRYEDGGVFTVMQDTSLEDGCLVYHAKVTGTNFPSNGAVMQKKTKGWEPNTEMLYPADGGLRGYSQMALNVDGGGYLSCSFETTYRSKKTVENFKMPGFHFVDHRLERLEESDKEMFVVQHEHAVAKFCDLPSKLGRL,3E5T,,,,,"[""chromoprotein"", ""fluorescentprotein""]"
"Crystal Structure Analysis of eqFP611 Double Mutant T122R, N143S",MRGSHHHHHHGIHMNSLIKENMRMMVVMEGSVNGYQFKCTGEGDGNPYMGTQTMRIKVVEGGPLPFAFDILATSFMYGSKTFIKHTKGIPDFFKQSFPEGFTWERVTRYEDGGVFTVMQDTSLEDGCLVYHAKVRGVNFPSNGAVMQKKTKGWEPSTEMLYPADGGLRGYSQMALNVDGGGYLSCSFETTYRSKKTVENFKMPGFHFVDHRLERLEESDKEMFVVQHEHAVAKFCDLPSKLGRL,3E5V,,,,,"[""chromoprotein"", ""fluorescentprotein""]"
S148F mutant of blue-to-red fluorescent timer mRubyFT,GHMRSMVSKGEELIKENMRMKVVMEGSVNGHQFKCTGEGEGNPYMGTQTMRIKVIEGGPLPFAFDILATSFLYGSRTFIKYPKGIPDFFKQSFPEGFTWERVTRYEDGGVVTVMQDTSLEDGCLVYHVQVRGVDFPSNGPVMQKKTKGWEPFTEMMYPADGGLRGYTHMALKVDGGGHLSCSFVTTYRSKKTVGNIKMPGIHAVDHRLERLEESDNEMFVVLREHSVAKFAGRGGMDELYK,8AAB,,,,,"[""chromoprotein"", ""fluorescentprotein""]"
"mRubyFT/S148I, a mutant of blue-to-red fluorescent timer in its blue state",GHMRSMVSKGEELIKENMRMKVVMEGSVNGHQFKCTGEGEGNPYMGTQTMRIKVIEGGPLPFAFDILATSFLYGSRTFIKYPKGIPDFFKQSFPEGFTWERVTRYEDGGVVTVMQDTSLEDGCLVYHVQVRGVDFPSNGPVMQKKTKGWEPITEMMYPADGGLRGYTHMALKVDGGGHLSCSFVTTYRSKKTVGNIKMPGIHAVDHRLERLEESDNEMFVVLREHSVAKFAGRGGMDELYK,7Q6B,,,,,"[""chromoprotein"", ""fluorescentprotein""]"
"Cryo-EM structure of GPI-T (inactive mutant) with GPI and proULBP2, a proprotein substrate",MGSGLLSDPVRRRALARLVLRLNAPLCVLSYVAGIAWFLALVFPPLTQRTYMSENAMGSTMVEEQFAGGDRARAFARDFAAHRKKSGALPVAWLERTMRSVGLEVYTQSFSRKLPFPDETHERYMVSGTNVYGILRAPRAASTESLVLTVPCGSDSTNSQAVGLLLALAAHFRGQIYWAKDIVFLVTEHDLLGTEAWLEAYHDVNVTGMQSSPLQGRAGAIQAAVALELSSDVVTSLDVAVEGLNGQLPNLDLLNLFQTFCQKGGLLCTLQGKLQPEDWTSLDGPLQGLQTLLLMVLRQASGRPHGSHGLFLRYRVEALTLRGINSFRQYKYDLVAVGKALEGMFRKLNHLLERLHQSFFLYLLPGLSRFVSIGLYMPAVGFLLLVLGLKALELWMQLHEAGMGLEEPGGAPGPSVPLPPSQGVGLASLVAPLLISQAMGLALYVLPVLGQHVATQHFPVAEAEAVVLTLLAIYAAGLALPHNTHRVVSTQAPDRGWMALKLVALIYLALQLGCIALTNFSLGFLLATTMVPTAALAKPHGPRTLYAALLVLTSPAATLLGSLFLWRELQEAPLSLAEGWQLFLAALAQGVLEHHTYGALLFPLLSLGLYPCWLLFWNVLFWKGTLEVLFQGPGGSGGSASVIKPEMKIKLRMEGAVNGHKFVIEGEGIGKPYEGTQTLDLTVEEGAPLPFSYDILTPAFQYGNRAFTKYPEDIPDYFKQAFPEGYSWERSMTYEDQGICIATSDITMEGDCFFYEIRFDGTNFPPNGPVMQKKTLKWEPSTEKMYVEDGVLKGDVEMALLLEGGGHYRCDFKTTYKAKKDVRLPDAHEVDHRIEILSHDKDYNKVRLYEHAEARYSGGGSGGGGSGGGGDYKDDDDADYKDDDDA,8IMY,,,,,"[""chromoprotein"", ""fluorescentprotein""]"
SOLUTION STRUCTURES OF C-1027 APOPROTEIN AND ITS COMPLEX WITH THE AROMATIZED CHROMOPHORE,APAFSVSPASGLSDGQSVSVSVSGAAAGETYYIAQCAPVGGQDACNPATATSFTTDASGAASFSFVVRKSYTGSTPEGTPVGSVDCATAACNLGAGNSGLDLGHVALTFG,1HZL,,,,,"[""chromoprotein"", ""fluorescentprotein""]"
Crystal structure of yellow fluorescent protein zFP538 K66M green mutant,MAHSKHGLKEEMTMKYHMEGCVNGHKFVITGEGIGYPFKGKQTINLCVIEGGPLPFSEDILSAGFMYGDRIFTEYPQDIVDYFKNSCPAGYTWGRSFLFEDGAVCICNVDITVSVKENCIYHKSIFNGMNFPADGPVMKKMTTNWEASCEKIMPVPKQGILKGDVSMYLLLKDGGRYRCQFDTVYKAKSVPSKMPEWHFIQHKLLREDRSDAKNQKWQLTEHAIAFPSALA,1XA9,,,,,"[""chromoprotein"", ""fluorescentprotein""]"
Solution Structure of Neocarzinostatin Apo-Protein,HHHHHHLQGAAPTATVTPSSGLSDGTVVKVAGAGLQAGTAYDVGQCAWVDTGVLACNPADFSSVTADANGSASTSLTVRRSFEGFLFDGTRWGTVDCTTAACQVGLSDAAGNGPEGVAISFN,2G0K,,,,,"[""chromoprotein"", ""fluorescentprotein""]"
"Crystal structure of the engineered fluorescent protein mRuby, crystal form 1, pH 8.5",DRWGSMNSLIKENMRMKVVLEGSVNGHQFKCTGEGEGNPYMGTQTMRIKVIEGGPLPFAFDILATSFMYGSRTFIKYPKGIPDFFKQSFPEGFTWERVTRYEDGGVITVMQDTSLEDGCLVYHAQVRGVNFPSNGAVMQKKTKGWEPNTEMMYPADGGLRGYTHMALKVDGGGHLSCSFVTTYRSKKTVGNIKMPGIHAVSHRLERLEESDNEMFVVQREHAVAKFAGLGGG,3U0M,,,,,"[""chromoprotein"", ""fluorescentprotein""]"
"Crystal structure of Phanta, a weakly fluorescent photochromic GFP-like protein. ON state",MSVIKPEMKIKLRMEGAVNGHKFVIEGEGIGKPYEGTQTLDLTVKEGAPLPFSYDILTPAFMYGNRAFVKYPKDIPDYFKQAFPEGYSWERSMTYEDQGICIATSDITMEGDCFFYKIRFDGTNFPPNGPVMQKKTLKWEPSTEKMYVRDGVLKGDVNMALLLEGGGHYRCDFKTTYKAKKDVRLPDAHEVDQRIEILSHDKDYNKVRLYEHAEARYSMLPSQAKASGKPIPNPLLGLDSTHHHHHH,4PPJ,,,,,"[""chromoprotein"", ""fluorescentprotein""]"
Crystal structure of eCGP123 H193Q variant at pH 7.5,MSVIKPEMKIKLRMEGAVNGHKFVIEGEGIGKPYEGTQTLDLTVKEGAPLPFSYDILTPAFQYGNRAFTKYPKDIPDYFKQAFPEGYSWERSMTYEDQGICIATSDITMEGDCFFYKIRFDGTNFPPNGPVMQKKTLKWEPSTEKMYVRDGVLKGDVNMALLLEGGGHYRCDFKTTYKAKKDVRLPDAHEVDQRIEILSHDKDYNKVRLYEHAEARYSMLPSQAKASGKPIPNPLLGLDSTHHHHHH,4PPL,,,,,"[""chromoprotein"", ""fluorescentprotein""]"
"The mRubyFT protein, Genetically Encoded Blue-to-Red Fluorescent Timer in its red state",GHMRSMVSKGEELIKENMRMKVVMEGSVNGHQFKCTGEGEGNPYMGTQTMRIKVIEGGPLPFAFDILATSFLYGSRTFIKYPKGIPDFFKQSFPEGFTWERVTRYEDGGVVTVMQDTSLEDGCLVYHVQVRGVDFPSNGPVMQKKTKGWEPSTEMMYPADGGLRGYTHMALKVDGGGHLSCSFVTTYRSKKTVGNIKMPGIHAVDHRLERLEESDNEMFVVLREHSVAKFAGRGGMDELYK,7QGK,,,,,"[""chromoprotein"", ""fluorescentprotein""]"
Crystal structure of wild type yellow fluorescent protein zFP538 from Zoanthus,MAHSKHGLKEEMTMKYHMEGCVNGHKFVITGEGIGYPFKGKQTINLCVIEGGPLPFSEDILSAGFKYGDRIFTEYPQDIVDYFKNSCPAGYTWGRSFLFEDGAVCICNVDITVSVKENCIYHKSIFNGMNFPADGPVMKKMTTNWEASCEKIMPVPKQGILKGDVSMYLLLKDGGRYRCQFDTVYKAKSVPSKMPEWHFIQHKLLREDRSDAKNQKWQLTEHAIAFPSALA,1XAE,,,,,"[""chromoprotein"", ""fluorescentprotein""]"
Solution Structure of Neocarzinostatin Apo-Protein with bound Flavone,HHHHHHLQGAAPTATVTPSSGLSDGTVVKVAGAGLQAGTAYDVGQCAWVDTGVLACNPADFSSVTADANGSASTSLTVRRSFEGFLFDGTRWGTVDCTTAACQVGLSDAAGNGPEGVAISFN,2G0L,,,,,"[""chromoprotein"", ""fluorescentprotein""]"
"Crystal structure of the engineered fluorescent protein mRuby, crystal form 1, pH 4.5",DRWGSMNSLIKENMRMKVVLEGSVNGHQFKCTGEGEGNPYMGTQTMRIKVIEGGPLPFAFDILATSFMYGSRTFIKYPKGIPDFFKQSFPEGFTWERVTRYEDGGVITVMQDTSLEDGCLVYHAQVRGVNFPSNGAVMQKKTKGWEPNTEMMYPADGGLRGYTHMALKVDGGGHLSCSFVTTYRSKKTVGNIKMPGIHAVSHRLERLEESDNEMFVVQREHAVAKFAGLGGG,3U0L,,,,,"[""chromoprotein"", ""fluorescentprotein""]"
"Crystal structure of the engineered fluorescent protein mRuby, crystal form 2",DRWGSMNSLIKENMRMKVVLEGSVNGHQFKCTGEGEGNPYMGTQTMRIKVIEGGPLPFAFDILATSFMYGSRTFIKYPKGIPDFFKQSFPEGFTWERVTRYEDGGVITVMQDTSLEDGCLVYHAQVRGVNFPSNGAVMQKKTKGWEPNTEMMYPADGGLRGYTHMALKVDGGGHLSCSFVTTYRSKKTVGNIKMPGIHAVSHRLERLEESDNEMFVVQREHAVAKFAGLGGG,3U0N,,,,,"[""chromoprotein"", ""fluorescentprotein""]"
Crystal structure of the red form of the mTagFT fluorescent timer,MGGSHHHHHHGMASMTGGQQMGRDLYDDDDKENLYFQGHMRSMVSKGEELIKEIMHIKLYMEGTVNNHHFKCTSEGEGKPYEGTQTMRVKVVEGGPLPFAFDILATSFLYGSRTFINHTQGIPDFFKQSFPEGFTWERVTTYEDGGVLTATQDTSLQDGCLIYNVKIRGVNFPSNGPVMQKKTLGWEASTEKLKPADGGLEGRSDMALKLVGGGHLICNFKTTYRSKKPAKNLKMPGVYYVDHRLERIKEADKETYVELHEVSVARYPDLPSKLGHR,8C0N,,,,,"[""chromoprotein"", ""fluorescentprotein""]"
Crystal Structure of Yellow Fluorescent Protein from Zoanthus sp. at 1.8 A Resolution,MAHSKHGLKEEMTMKYHMEGCVNGHKFVITGEGIGYPFKGKQTINLCVIEGGPLPFSEDILSAGFKYGDRIFTEYPQDIVDYFKNSCPAGYTWGRSFLFEDGAVCICNVDITVSVKENCIYHKSIFNGMNFPADGPVMKKMTTNWEASCEKIMPVPKQGILKGDVSMYLLLKDGGRYRCQFDTVYKAKSVPSKMPEWHFIQHKLLREDRSDAKNQKWQLTEHAIAFPSALA,2OGR,,,,,"[""chromoprotein"", ""fluorescentprotein""]"
Crystal Structure Analysis of FP611,MRGSHHHHHHGIHMNSLIKENMRMMVVMEGSVNGYQFKCTGEGDGNPYMGTQTMRIKVVEGGPLPFAFDILATSFMYGSKTFIKHTKGIPDFFKQSFPEGFTWERVTRYEDGGVFTVMQDTSLEDGCLVYHAKVTGVNFPSNGAVMQKKTKGWEPSTEMLYPADGGLRGYCQMALNVDGGGYLFCSFETTYRSKKTDENFKMPGFHFVDHRLERLEESDKEMFVVQHEHAVAKFCDLPSKLGRL,3E5W,,,,,"[""chromoprotein"", ""fluorescentprotein""]"
CRYSTAL STRUCTURE OF BARLEY GRAIN PEROXIDASE 1,AEPPVAPGLSFDFYWQTCPRAESIVREFVQEAVRKDIGLAAGLLRLHFHDCFVQGCDASVLLDGSATGPGEQQAPPNLTLRPSAFKAVNDIRDRLERECRGAVVSCSDILALAARDSVVVSGGPDYRVPLGRRDSRSFASTQDVLSDLPGPSSNVQSLLALLGRLGLDATDLVTISGGHTIGLAHCSSFEDRLFPRPDPTISPTFLSRLKRTCPAKGTDRRTVLDVRTPNVFDNKYYIDLVNREGLFVSDQDLFTNAITRPIVERFAQSQQDFFEQFGVSIGKMGQMRVRTSDQGEVRRNCSVRNPGPG,1BGP,,,,,"[""chromoprotein"", ""fluorescentprotein""]"
Crystal structure of the apo-form of a neocarzinostatin mutant evolved to bind testosterone.,AAPTATVTPSSGLSDGTVVKVAGAGLQAGTAYWVAQWARVDTGVWAYNPADNSSVTADANGSASTSLTVRRSFEGFLFDGTRWGTVDCTTAACQVGLSDAAGNGPEGVAISF,2CBM,,,,,"[""chromoprotein"", ""fluorescentprotein""]"
Crystal structure of the neocarzinostatin 3Tes24 mutant bound to testosterone hemisuccinate.,AAPTATVTPSSGLSDGTVVKVAGAGLQAGTAYWVAQWARVDTGVWAYNPADNSSVTADANGSASTSLTVRRSFEGFLFDGTRWGTVDCTTAACQVGLSDAAGNGPEGVAISFNHH,2CBO,,,,,"[""chromoprotein"", ""fluorescentprotein""]"
Crystal structure of the neocarzinostatin 4Tes1 mutant bound testosterone hemisuccinate.,AAPTATVTPSSGLSDGTVVKVAGAGLQAGTAYWVAQSAWVDTGVYASNPADISSVTADANGSASTSLTVRRSFEGFLWDGTRWGTVDCTTAACHVTLRDALSNGPEGVAISF,2CBT,,,,,"[""chromoprotein"", ""fluorescentprotein""]"
"The structure of a far-red fluorescent protein, AQ143",MHHHHHHGSGAPLVTEDMCIKMTMEGTINGHHFKCVGEGEGKPFEGTQVEKIRITEGGPLPFAYDILAPCCMYGSKTFIKHVSGIPDYFKESFPEGFTWERTQIFEDGGSLTIHQDTSLQGNNFIFKVNVIGANFPANGPVMQKKTAGWEPSVEILYPRDGVLCGQALMALKCTDGDHLTSHLRTTYRSRKPSNAVNMPEFHFGDHRIEILKAEQGKFYEQYESAVARYCEAAPSKLGH,4OHS,,,,,"[""chromoprotein"", ""fluorescentprotein""]"
Red fluorescent protein zRFP574 from Zoanthus sp.,MRGSHHHHHHGSAHGLTDDMTMHFRMEGCVDGHKFVIEGNGNGNPFKGKQFINLCVIEGGPLPFSEDILSAAFDYGNRLFTEYPEGIVDYFKNSCPAGYTWHRSFRFEDGAVCICSADITVNVRENCIYHESTFYGVNFPADGPVMKKMTTNWEPSCEKIIPINSQKILKGDVSMYLLLKDGGRYRCQFDTIYKAKTEPKEMPDWHFIQHKLNREDRSDAKNQKWQLIEHAIASRSALP,2ICR,,,,,"[""chromoprotein"", ""fluorescentprotein""]"
"Highly pH-resistant long stokes-shift, red fluorescent protein mCRISPRed",GPLIKENMRMKVVMEGSVNGHQFKCTGEGEGRPYEGVQTMRIKVIEGGPLPFAFDILATSFMYGSRTFIKYPADIPDFFKQSFPEGFTWERVTRYEDGGVVTVTQDTSLEDGELVYNVKVRGVNFPSNGPVMQKKTKGWEADTEMMYPADGGLRGYLDRALKVDGGGHLHCNFVTTYRSKKTVGDIKMPGVHAVDHRLERIEESDNETYVVQREVAVAKYS,6XWY,,,,,"[""chromoprotein"", ""fluorescentprotein""]"
Crystal structure of the neocarzinostatin 1Tes15 mutant bound to testosterone hemisuccinate.,AAPTATVTPSSGLSDGTVVKVAGAGLQAGTAYWVYQRAAVDTGVHASNPADLSSVTADANGSASTSLTVRRSFEGFLFDGTRWGTVDCTTAACQVGLSDAAGNGPEGVAISFNH,2CBQ,,,,,"[""chromoprotein"", ""fluorescentprotein""]"
Structure of PTCH1 bound to a modified Hedgehog ligand ShhN-C24II,MASAGNAAEPQDRGGGGSGCIGAPGRPAGGGRRRRTGGLRRAAAPDRDYLHRPSYCDAAFALEQISKGKATGRKAPLWLRAKFQRLLFKLGCYIQKNCGKFLVVGLLIFGAFAVGLKAANLETNVEELWVEVGGRVSRELNYTRQKIGEEAMFNPQLMIQTPKEEGANVLTTEALLQHLDSALQASRVHVYMYNRQWKLEHLCYKSGELITETGYMDQIIEYLYPCLIITPLDCFWEGAKLQSGTAYLLGKPPLRWTNFDPLEFLEELKKINYQVDSWEEMLNKAEVGHGYMDRPCLNPADPDCPATAPNKNSTKPLDMALVLNGGCHGLSRKYMHWQEELIVGGTVKNSTGKLVSAHALQTMFQLMTPKQMYEHFKGYEYVSHINWNEDKAAAILEAWQRTYVEVVHQSVAQNSTQKVLSFTTTTLDDILKSFSDVSVIRVASGYLLMLAYACLTMLRWDCSKSQGAVGLAGVLLVALSVAAGLGLCSLIGISFNAATTQVLPFLALGVGVDDVFLLAHAFSETGQNKRIPFEDRTGECLKRTGASVALTSISNVTAFFMAALIPIPALRAFSLQAAVVVVFNFAMVLLIFPAILSMDLYRREDRRLDIFCCFTSPCVSRVIQVEPQAYTDTHDNTRYSPPPPASSHSFAHETQITMQSTVQLRTEYDPHTHVYYTTAEPRSEISVQPVTVTQDTLSCQSPESTSSTRDLLSQFSDSSLHCLEPPCTKWTLSSFAEKHYAPFLLKPKAKVVVIFLFLGLLGVSLYGTTRVRDGLDLTDIVPRETREYDFIAAQFKYFSFYNMYIVTQKADYPNIQHLLYDLHRSFSNVKYVMLEENKQLPKMWLHYFRDWLQGLQDAFDSDWETGKIMPNNYKNGSDDGVLAYKLLVQTGSRDKPIDISQLTKQRLVDADGIINPSAFYIYLTAWVSNDPVAYAASQANIRPHRPEWVHDKADYMPETRLRIPAAEPIEYAQFPFYLNGLRDTSDFVEAIEKVRTICSNYTSLGLSSYPNGYPFLFWEQYIGLRHWLLLFISVVLACTFLVCAVFLLNPWTAGIIVMVLALMTVELFGMMGLIGIKLSAVPVVILIASVGIGVEFTVHVALAFLTAIGDKNRRAVLALEHMFAPVLDGAVSTLLGVLMLAGSEFDFIVRYFFAVLAILTILGVLNGLVLLPVLLSFFGPYPEVSPANAAALEVLFQGPGGVSKGEELFTGVVPILVELDGDVNGHKFSVSGEGEGDATYGKLTLKFICTTGKLPVPWPTLVTTFGYGLQCFARYPDHMKQHDFFKSAMPEGYVQERTIFFKDDGNYKTRAEVKFEGDTLVNRIELKGIDFKEDGNILGHKLEYNYNSHNVYIMADKQKNGIKVNFKIRHNIEDGSVQLADHYQQNTPIGDGPVLLPDNHYLSYQSALSKDPNEKRDHMVLLEFVTAAGITLGMDELYKAASAWSHPQFEKGGGSGGGSGGSAWSHPQFEK,6RMG,,,,,"[""chromoprotein"", ""fluorescentprotein""]"
"Crystal structure of the engineered fluorescent protein mRuby, crystal form 2",DRWGSMNSLIKENMRMKVVLEGSVNGHQFKCTGEGEGNPYMGTQTMRIKVIEGGPLPFAFDILATSFMYGSRTFIKYPKGIPDFFKQSFPEGFTWERVTRYEDGGVITVMQDTSLEDGCLVYHAQVRGVNFPSNGAVMQKKTKGWEPNTEMMYPADGGLRGYTHMALKVDGGGHLSCSFVTTYRSKKTVGNIKMPGIHAVSHRLERLEESDNEMFVVQREHAVAKFAGLGGG,3U0N,,,,,"[""chromoprotein"", ""fluorescentprotein""]"
Crystal structure of the red form of the mTagFT fluorescent timer,MGGSHHHHHHGMASMTGGQQMGRDLYDDDDKENLYFQGHMRSMVSKGEELIKEIMHIKLYMEGTVNNHHFKCTSEGEGKPYEGTQTMRVKVVEGGPLPFAFDILATSFLYGSRTFINHTQGIPDFFKQSFPEGFTWERVTTYEDGGVLTATQDTSLQDGCLIYNVKIRGVNFPSNGPVMQKKTLGWEASTEKLKPADGGLEGRSDMALKLVGGGHLICNFKTTYRSKKPAKNLKMPGVYYVDHRLERIKEADKETYVELHEVSVARYPDLPSKLGHR,8C0N,,,,,"[""chromoprotein"", ""fluorescentprotein""]"
Crystal Structure of Yellow Fluorescent Protein from Zoanthus sp. at 1.8 A Resolution,MAHSKHGLKEEMTMKYHMEGCVNGHKFVITGEGIGYPFKGKQTINLCVIEGGPLPFSEDILSAGFKYGDRIFTEYPQDIVDYFKNSCPAGYTWGRSFLFEDGAVCICNVDITVSVKENCIYHKSIFNGMNFPADGPVMKKMTTNWEASCEKIMPVPKQGILKGDVSMYLLLKDGGRYRCQFDTVYKAKSVPSKMPEWHFIQHKLLREDRSDAKNQKWQLTEHAIAFPSALA,2OGR,,,,,"[""chromoprotein"", ""fluorescentprotein""]"
Crystal Structure Analysis of FP611,MRGSHHHHHHGIHMNSLIKENMRMMVVMEGSVNGYQFKCTGEGDGNPYMGTQTMRIKVVEGGPLPFAFDILATSFMYGSKTFIKHTKGIPDFFKQSFPEGFTWERVTRYEDGGVFTVMQDTSLEDGCLVYHAKVTGVNFPSNGAVMQKKTKGWEPSTEMLYPADGGLRGYCQMALNVDGGGYLFCSFETTYRSKKTDENFKMPGFHFVDHRLERLEESDKEMFVVQHEHAVAKFCDLPSKLGRL,3E5W,,,,,"[""chromoprotein"", ""fluorescentprotein""]"
CRYSTAL STRUCTURE OF BARLEY GRAIN PEROXIDASE 1,AEPPVAPGLSFDFYWQTCPRAESIVREFVQEAVRKDIGLAAGLLRLHFHDCFVQGCDASVLLDGSATGPGEQQAPPNLTLRPSAFKAVNDIRDRLERECRGAVVSCSDILALAARDSVVVSGGPDYRVPLGRRDSRSFASTQDVLSDLPGPSSNVQSLLALLGRLGLDATDLVTISGGHTIGLAHCSSFEDRLFPRPDPTISPTFLSRLKRTCPAKGTDRRTVLDVRTPNVFDNKYYIDLVNREGLFVSDQDLFTNAITRPIVERFAQSQQDFFEQFGVSIGKMGQMRVRTSDQGEVRRNCSVRNPGPG,1BGP,,,,,"[""chromoprotein"", ""fluorescentprotein""]"
Crystal structure of the apo-form of a neocarzinostatin mutant evolved to bind testosterone.,AAPTATVTPSSGLSDGTVVKVAGAGLQAGTAYWVAQWARVDTGVWAYNPADNSSVTADANGSASTSLTVRRSFEGFLFDGTRWGTVDCTTAACQVGLSDAAGNGPEGVAISF,2CBM,,,,,"[""chromoprotein"", ""fluorescentprotein""]"
Crystal structure of the neocarzinostatin 3Tes24 mutant bound to testosterone hemisuccinate.,AAPTATVTPSSGLSDGTVVKVAGAGLQAGTAYWVAQWARVDTGVWAYNPADNSSVTADANGSASTSLTVRRSFEGFLFDGTRWGTVDCTTAACQVGLSDAAGNGPEGVAISFNHH,2CBO,,,,,"[""chromoprotein"", ""fluorescentprotein""]"
Crystal structure of the neocarzinostatin 4Tes1 mutant bound testosterone hemisuccinate.,AAPTATVTPSSGLSDGTVVKVAGAGLQAGTAYWVAQSAWVDTGVYASNPADISSVTADANGSASTSLTVRRSFEGFLWDGTRWGTVDCTTAACHVTLRDALSNGPEGVAISF,2CBT,,,,,"[""chromoprotein"", ""fluorescentprotein""]"
"The structure of a far-red fluorescent protein, AQ143",MHHHHHHGSGAPLVTEDMCIKMTMEGTINGHHFKCVGEGEGKPFEGTQVEKIRITEGGPLPFAYDILAPCCMYGSKTFIKHVSGIPDYFKESFPEGFTWERTQIFEDGGSLTIHQDTSLQGNNFIFKVNVIGANFPANGPVMQKKTAGWEPSVEILYPRDGVLCGQALMALKCTDGDHLTSHLRTTYRSRKPSNAVNMPEFHFGDHRIEILKAEQGKFYEQYESAVARYCEAAPSKLGH,4OHS,,,,,"[""chromoprotein"", ""fluorescentprotein""]"
Red fluorescent protein zRFP574 from Zoanthus sp.,MRGSHHHHHHGSAHGLTDDMTMHFRMEGCVDGHKFVIEGNGNGNPFKGKQFINLCVIEGGPLPFSEDILSAAFDYGNRLFTEYPEGIVDYFKNSCPAGYTWHRSFRFEDGAVCICSADITVNVRENCIYHESTFYGVNFPADGPVMKKMTTNWEPSCEKIIPINSQKILKGDVSMYLLLKDGGRYRCQFDTIYKAKTEPKEMPDWHFIQHKLNREDRSDAKNQKWQLIEHAIASRSALP,2ICR,,,,,"[""chromoprotein"", ""fluorescentprotein""]"
"Highly pH-resistant long stokes-shift, red fluorescent protein mCRISPRed",GPLIKENMRMKVVMEGSVNGHQFKCTGEGEGRPYEGVQTMRIKVIEGGPLPFAFDILATSFMYGSRTFIKYPADIPDFFKQSFPEGFTWERVTRYEDGGVVTVTQDTSLEDGELVYNVKVRGVNFPSNGPVMQKKTKGWEADTEMMYPADGGLRGYLDRALKVDGGGHLHCNFVTTYRSKKTVGDIKMPGVHAVDHRLERIEESDNETYVVQREVAVAKYS,6XWY,,,,,"[""chromoprotein"", ""fluorescentprotein""]"
Crystal structure of the neocarzinostatin 1Tes15 mutant bound to testosterone hemisuccinate.,AAPTATVTPSSGLSDGTVVKVAGAGLQAGTAYWVYQRAAVDTGVHASNPADLSSVTADANGSASTSLTVRRSFEGFLFDGTRWGTVDCTTAACQVGLSDAAGNGPEGVAISFNH,2CBQ,,,,,"[""chromoprotein"", ""fluorescentprotein""]"
Structure of PTCH1 bound to a modified Hedgehog ligand ShhN-C24II,MASAGNAAEPQDRGGGGSGCIGAPGRPAGGGRRRRTGGLRRAAAPDRDYLHRPSYCDAAFALEQISKGKATGRKAPLWLRAKFQRLLFKLGCYIQKNCGKFLVVGLLIFGAFAVGLKAANLETNVEELWVEVGGRVSRELNYTRQKIGEEAMFNPQLMIQTPKEEGANVLTTEALLQHLDSALQASRVHVYMYNRQWKLEHLCYKSGELITETGYMDQIIEYLYPCLIITPLDCFWEGAKLQSGTAYLLGKPPLRWTNFDPLEFLEELKKINYQVDSWEEMLNKAEVGHGYMDRPCLNPADPDCPATAPNKNSTKPLDMALVLNGGCHGLSRKYMHWQEELIVGGTVKNSTGKLVSAHALQTMFQLMTPKQMYEHFKGYEYVSHINWNEDKAAAILEAWQRTYVEVVHQSVAQNSTQKVLSFTTTTLDDILKSFSDVSVIRVASGYLLMLAYACLTMLRWDCSKSQGAVGLAGVLLVALSVAAGLGLCSLIGISFNAATTQVLPFLALGVGVDDVFLLAHAFSETGQNKRIPFEDRTGECLKRTGASVALTSISNVTAFFMAALIPIPALRAFSLQAAVVVVFNFAMVLLIFPAILSMDLYRREDRRLDIFCCFTSPCVSRVIQVEPQAYTDTHDNTRYSPPPPASSHSFAHETQITMQSTVQLRTEYDPHTHVYYTTAEPRSEISVQPVTVTQDTLSCQSPESTSSTRDLLSQFSDSSLHCLEPPCTKWTLSSFAEKHYAPFLLKPKAKVVVIFLFLGLLGVSLYGTTRVRDGLDLTDIVPRETREYDFIAAQFKYFSFYNMYIVTQKADYPNIQHLLYDLHRSFSNVKYVMLEENKQLPKMWLHYFRDWLQGLQDAFDSDWETGKIMPNNYKNGSDDGVLAYKLLVQTGSRDKPIDISQLTKQRLVDADGIINPSAFYIYLTAWVSNDPVAYAASQANIRPHRPEWVHDKADYMPETRLRIPAAEPIEYAQFPFYLNGLRDTSDFVEAIEKVRTICSNYTSLGLSSYPNGYPFLFWEQYIGLRHWLLLFISVVLACTFLVCAVFLLNPWTAGIIVMVLALMTVELFGMMGLIGIKLSAVPVVILIASVGIGVEFTVHVALAFLTAIGDKNRRAVLALEHMFAPVLDGAVSTLLGVLMLAGSEFDFIVRYFFAVLAILTILGVLNGLVLLPVLLSFFGPYPEVSPANAAALEVLFQGPGGVSKGEELFTGVVPILVELDGDVNGHKFSVSGEGEGDATYGKLTLKFICTTGKLPVPWPTLVTTFGYGLQCFARYPDHMKQHDFFKSAMPEGYVQERTIFFKDDGNYKTRAEVKFEGDTLVNRIELKGIDFKEDGNILGHKLEYNYNSHNVYIMADKQKNGIKVNFKIRHNIEDGSVQLADHYQQNTPIGDGPVLLPDNHYLSYQSALSKDPNEKRDHMVLLEFVTAAGITLGMDELYKAASAWSHPQFEKGGGSGGGSGGSAWSHPQFEK,6RMG,,,,,"[""chromoprotein"", ""fluorescentprotein""]"
